[
  {
    "kd_satker": 6998,
    "kd_satker_str": "630870",
    "nama_satker": "SEKRETARIAT DIREKTORAT JENDERAL TENAGA KESEHATAN",
    "alamat": null,
    "telepon": null,
    "fax": null,
    "kodepos": null,
    "status_satker": "Aktif",
    "ket_satker": "Satker/OPD Non-BLU/BLUD",
    "jenis_satker": "Pusat",
    "kd_klpd": "K9"
  },
  {
    "kd_satker": 7037,
    "kd_satker_str": "637616",
    "nama_satker": "POLITEKNIK KESEHATAN PANGKAL PINANG",
    "alamat": null,
    "telepon": null,
    "fax": null,
    "kodepos": null,
    "status_satker": "Aktif",
    "ket_satker": "Satker/OPD BLU/BLUD",
    "jenis_satker": "Pusat",
    "kd_klpd": "K9"
  },
  {
    "kd_satker": 6900,
    "kd_satker_str": "258462",
    "nama_satker": "RUMAH SAKIT DR TADJUDIN CHALID MAKASSAR",
    "alamat": null,
    "telepon": null,
    "fax": null,
    "kodepos": null,
    "status_satker": "Aktif",
    "ket_satker": "Satker/OPD BLU/BLUD",
    "jenis_satker": "Pusat",
    "kd_klpd": "K9"
  },
  {
    "kd_satker": 6969,
    "kd_satker_str": "613125",
    "nama_satker": "BALAI TEKNIK KESEHATAN LINGKUNGAN DAN PENGENDALIAN PENYAKIT KELAS I BATAM",
    "alamat": null,
    "telepon": null,
    "fax": null,
    "kodepos": null,
    "status_satker": "Aktif",
    "ket_satker": "Satker/OPD Non-BLU/BLUD",
    "jenis_satker": "Pusat",
    "kd_klpd": "K9"
  },
  {
    "kd_satker": 6941,
    "kd_satker_str": "415981",
    "nama_satker": "KANTOR KESEHATAN PELABUHAN KELAS II BANJARMASIN",
    "alamat": null,
    "telepon": null,
    "fax": null,
    "kodepos": null,
    "status_satker": "Aktif",
    "ket_satker": "Satker/OPD Non-BLU/BLUD",
    "jenis_satker": "Pusat",
    "kd_klpd": "K9"
  },
  {
    "kd_satker": 6991,
    "kd_satker_str": "653572",
    "nama_satker": "BALAI PENELITIAN DAN PENGEMBANGAN KESEHATAN DONGGALA",
    "alamat": null,
    "telepon": null,
    "fax": null,
    "kodepos": null,
    "status_satker": "Aktif",
    "ket_satker": "Satker/OPD Non-BLU/BLUD",
    "jenis_satker": "Pusat",
    "kd_klpd": "K9"
  },
  {
    "kd_satker": 6844,
    "kd_satker_str": "415366",
    "nama_satker": "KANTOR INSPEKTORAT JENDERAL",
    "alamat": null,
    "telepon": null,
    "fax": null,
    "kodepos": null,
    "status_satker": "Aktif",
    "ket_satker": "Satker/OPD Non-BLU/BLUD",
    "jenis_satker": "Pusat",
    "kd_klpd": "K9"
  },
  {
    "kd_satker": 6845,
    "kd_satker_str": "465909",
    "nama_satker": "SEKRETARIAT DITJEN KESEHATAN MASYARAKAT",
    "alamat": null,
    "telepon": null,
    "fax": null,
    "kodepos": null,
    "status_satker": "Aktif",
    "ket_satker": "Satker/OPD Non-BLU/BLUD",
    "jenis_satker": "Pusat",
    "kd_klpd": "K9"
  },
  {
    "kd_satker": 6908,
    "kd_satker_str": "465827",
    "nama_satker": "SEKRETARIAT DITJEN PENCEGAHAN DAN PENGENDALIAN PENYAKIT",
    "alamat": null,
    "telepon": null,
    "fax": null,
    "kodepos": null,
    "status_satker": "Aktif",
    "ket_satker": "Satker/OPD Non-BLU/BLUD",
    "jenis_satker": "Pusat",
    "kd_klpd": "K9"
  },
  {
    "kd_satker": 6854,
    "kd_satker_str": "415423",
    "nama_satker": "RUMAH SAKIT UMUM DR CIPTO MANGUN KUSUMO JAKARTA",
    "alamat": null,
    "telepon": null,
    "fax": null,
    "kodepos": null,
    "status_satker": "Aktif",
    "ket_satker": "Satker/OPD BLU/BLUD",
    "jenis_satker": "Pusat",
    "kd_klpd": "K9"
  },
  {
    "kd_satker": 6833,
    "kd_satker_str": "465921",
    "nama_satker": "BIRO KEUANGAN DAN BARANG MILIK NEGARA",
    "alamat": null,
    "telepon": null,
    "fax": null,
    "kodepos": null,
    "status_satker": "Aktif",
    "ket_satker": "Satker/OPD Non-BLU/BLUD",
    "jenis_satker": "Pusat",
    "kd_klpd": "K9"
  },
  {
    "kd_satker": 6899,
    "kd_satker_str": "538815",
    "nama_satker": "RUMAH SAKIT UMUM MANADO",
    "alamat": null,
    "telepon": null,
    "fax": null,
    "kodepos": null,
    "status_satker": "Aktif",
    "ket_satker": "Satker/OPD BLU/BLUD",
    "jenis_satker": "Pusat",
    "kd_klpd": "K9"
  },
  {
    "kd_satker": 7010,
    "kd_satker_str": "632263",
    "nama_satker": "POLITEKNIK KESEHATAN JOGYAKARTA",
    "alamat": null,
    "telepon": null,
    "fax": null,
    "kodepos": null,
    "status_satker": "Aktif",
    "ket_satker": "Satker/OPD Non-BLU/BLUD",
    "jenis_satker": "Pusat",
    "kd_klpd": "K9"
  },
  {
    "kd_satker": 7019,
    "kd_satker_str": "632174",
    "nama_satker": "POLITEKNIK KESEHATAN TANJUNGKARANG",
    "alamat": null,
    "telepon": null,
    "fax": null,
    "kodepos": null,
    "status_satker": "Aktif",
    "ket_satker": "Satker/OPD BLU/BLUD",
    "jenis_satker": "Pusat",
    "kd_klpd": "K9"
  },
  {
    "kd_satker": 7025,
    "kd_satker_str": "632331",
    "nama_satker": "POLITEKNIK KESEHATAN PALU",
    "alamat": null,
    "telepon": null,
    "fax": null,
    "kodepos": null,
    "status_satker": "Aktif",
    "ket_satker": "Satker/OPD BLU/BLUD",
    "jenis_satker": "Pusat",
    "kd_klpd": "K9"
  },
  {
    "kd_satker": 7013,
    "kd_satker_str": "637592",
    "nama_satker": "POLITEKNIK KESEHATAN ACEH",
    "alamat": null,
    "telepon": null,
    "fax": null,
    "kodepos": null,
    "status_satker": "Aktif",
    "ket_satker": "Satker/OPD BLU/BLUD",
    "jenis_satker": "Pusat",
    "kd_klpd": "K9"
  },
  {
    "kd_satker": 6999,
    "kd_satker_str": "632195",
    "nama_satker": "POLITEKNIK KESEHATAN JAKARTA I",
    "alamat": null,
    "telepon": null,
    "fax": null,
    "kodepos": null,
    "status_satker": "Aktif",
    "ket_satker": "Satker/OPD BLU/BLUD",
    "jenis_satker": "Pusat",
    "kd_klpd": "K9"
  },
  {
    "kd_satker": 7027,
    "kd_satker_str": "632348",
    "nama_satker": "POLITEKNIK KESEHATAN MAKASSAR",
    "alamat": null,
    "telepon": null,
    "fax": null,
    "kodepos": null,
    "status_satker": "Aktif",
    "ket_satker": "Satker/OPD BLU/BLUD",
    "jenis_satker": "Pusat",
    "kd_klpd": "K9"
  },
  {
    "kd_satker": 7015,
    "kd_satker_str": "632128",
    "nama_satker": "POLITEKNIK KESEHATAN PADANG",
    "alamat": null,
    "telepon": null,
    "fax": null,
    "kodepos": null,
    "status_satker": "Aktif",
    "ket_satker": "Satker/OPD BLU/BLUD",
    "jenis_satker": "Pusat",
    "kd_klpd": "K9"
  },
  {
    "kd_satker": 7017,
    "kd_satker_str": "632149",
    "nama_satker": "POLITEKNIK KESEHATAN JAMBI",
    "alamat": null,
    "telepon": null,
    "fax": null,
    "kodepos": null,
    "status_satker": "Aktif",
    "ket_satker": "Satker/OPD Non-BLU/BLUD",
    "jenis_satker": "Pusat",
    "kd_klpd": "K9"
  },
  {
    "kd_satker": 167355,
    "kd_satker_str": "449009",
    "nama_satker": "RUMAH SAKIT UMUM PUSAT RSUP Dr J LEIMENA AMBON",
    "alamat": null,
    "telepon": null,
    "fax": null,
    "kodepos": null,
    "status_satker": "Aktif",
    "ket_satker": "Satker/OPD BLU/BLUD",
    "jenis_satker": "Pusat",
    "kd_klpd": "K9"
  },
  {
    "kd_satker": 6852,
    "kd_satker_str": "415383",
    "nama_satker": "LOKA KESEHATAN TRADISIONAL MASYARAKAT PALEMBANG",
    "alamat": null,
    "telepon": null,
    "fax": null,
    "kodepos": null,
    "status_satker": "Aktif",
    "ket_satker": "Satker/OPD Non-BLU/BLUD",
    "jenis_satker": "Pusat",
    "kd_klpd": "K9"
  },
  {
    "kd_satker": 6883,
    "kd_satker_str": "035659",
    "nama_satker": "LOKA PENGAMANAN FASILITAS KESEHATAN LPFK SURAKARTA",
    "alamat": null,
    "telepon": null,
    "fax": null,
    "kodepos": null,
    "status_satker": "Aktif",
    "ket_satker": "Satker/OPD Non-BLU/BLUD",
    "jenis_satker": "Pusat",
    "kd_klpd": "K9"
  },
  {
    "kd_satker": 7005,
    "kd_satker_str": "632238",
    "nama_satker": "POLITEKNIK KESEHATAN TASIKMALAYA",
    "alamat": null,
    "telepon": null,
    "fax": null,
    "kodepos": null,
    "status_satker": "Aktif",
    "ket_satker": "Satker/OPD Non-BLU/BLUD",
    "jenis_satker": "Pusat",
    "kd_klpd": "K9"
  },
  {
    "kd_satker": 6990,
    "kd_satker_str": "653568",
    "nama_satker": "BALAI PENELITIAN DAN PENGEMBANGAN KESEHATAN TANAHBUMBU",
    "alamat": null,
    "telepon": null,
    "fax": null,
    "kodepos": null,
    "status_satker": "Aktif",
    "ket_satker": "Satker/OPD Non-BLU/BLUD",
    "jenis_satker": "Pusat",
    "kd_klpd": "K9"
  }
]