[
  {
    "tahun_anggaran": 2020,
    "kd_klpd": "B99",
    "nama_klpd": "PD. PAL Jaya",
    "jenis_klpd": "BUMD",
    "kd_satker": "000000",
    "nama_satker": "PD PAL JAYA",
    "kd_lpse": 119,
    "nama_lpse": "LPSE Lembaga Kebijakan Pengadaan Barang/Jasa Pemerintah",
    "kd_nontender": 6960119,
    "kd_rup_paket": "26111340",
    "nama_paket": "Pengadaan Cover Body Truk Penyedotan Lumpur Tinja",
    "pagu": 572962775,
    "hps": 0,
    "anggaran": "BUMD",
    "kualifikasi_paket": null,
    "kategori_pengadaan": "Pengadaan Barang",
    "metode_pengadaan": "Seleksi",
    "tanggal_buat_paket": "2020-11-03",
    "tanggal_pengumuman_nontender": null,
    "nama_status_nontender": "Draft",
    "versi_nontender": 1,
    "ket_diulang": null,
    "ket_ditutup": null,
    "lokasi_pekerjaan": "PD PAL Jaya Jl Sultan Agung No. 1 Setiabudi Jakarta Selatan - Jakarta Selatan (Kota)"
  },
  {
    "tahun_anggaran": 2020,
    "kd_klpd": "B99",
    "nama_klpd": "PD. PAL Jaya",
    "jenis_klpd": "BUMD",
    "kd_satker": "000000",
    "nama_satker": "PD PAL JAYA",
    "kd_lpse": 119,
    "nama_lpse": "LPSE Lembaga Kebijakan Pengadaan Barang/Jasa Pemerintah",
    "kd_nontender": 6961119,
    "kd_rup_paket": "26111340",
    "nama_paket": "Pengadaan Cover Body Truk Penyedotan Lumpur Tinja",
    "pagu": 572962775,
    "hps": 572962775,
    "anggaran": "BUMD",
    "kualifikasi_paket": null,
    "kategori_pengadaan": "Pengadaan Barang",
    "metode_pengadaan": "Seleksi",
    "tanggal_buat_paket": "2020-11-03",
    "tanggal_pengumuman_nontender": null,
    "nama_status_nontender": "Draft",
    "versi_nontender": 1,
    "ket_diulang": null,
    "ket_ditutup": null,
    "lokasi_pekerjaan": "PD PAL Jaya Jl Sultan Agung No. 1 Setiabudi Jakarta Selatan - Jakarta Selatan (Kota)"
  },
  {
    "tahun_anggaran": 2020,
    "kd_klpd": "K18",
    "nama_klpd": "Kementerian Pekerjaan Umum dan Perumahan Rakyat",
    "jenis_klpd": "KEMENTERIAN",
    "kd_satker": "498372",
    "nama_satker": "SNVT PEMBANGUNAN BENDUNGAN BBWS PEMALI JUANA",
    "kd_lpse": 119,
    "nama_lpse": "LPSE Lembaga Kebijakan Pengadaan Barang/Jasa Pemerintah",
    "kd_nontender": 6866119,
    "kd_rup_paket": "26169670",
    "nama_paket": "Paket Test",
    "pagu": 89280000000,
    "hps": 89100000000,
    "anggaran": "APBN",
    "kualifikasi_paket": "Perusahaan Kecil",
    "kategori_pengadaan": "Jasa Lainnya",
    "metode_pengadaan": "Penunjukan Langsung",
    "tanggal_buat_paket": "2020-09-08",
    "tanggal_pengumuman_nontender": null,
    "nama_status_nontender": "Draft",
    "versi_nontender": 1,
    "ket_diulang": null,
    "ket_ditutup": null,
    "lokasi_pekerjaan": "Batang - Jawa Tengah - Jakarta Selatan (Kota)"
  },
  {
    "tahun_anggaran": 2020,
    "kd_klpd": "K18",
    "nama_klpd": "Kementerian Pekerjaan Umum dan Perumahan Rakyat",
    "jenis_klpd": "KEMENTERIAN",
    "kd_satker": "498197",
    "nama_satker": "SNVT PELAKSANAAN JARINGAN PEMANFAATAN AIR  BRANTAS",
    "kd_lpse": 119,
    "nama_lpse": "LPSE Lembaga Kebijakan Pengadaan Barang/Jasa Pemerintah",
    "kd_nontender": 7431119,
    "kd_rup_paket": "26350596",
    "nama_paket": "Rehabilitasi Jaringan Irigasi DI Bondoyudo Kab. Lumajang dan Kab. Jember",
    "pagu": 84787975000,
    "hps": 84787975000,
    "anggaran": "APBN",
    "kualifikasi_paket": null,
    "kategori_pengadaan": "Pekerjaan Konstruksi",
    "metode_pengadaan": "Pengadaan Langsung",
    "tanggal_buat_paket": "2021-04-05",
    "tanggal_pengumuman_nontender": null,
    "nama_status_nontender": "Draft",
    "versi_nontender": 1,
    "ket_diulang": null,
    "ket_ditutup": null,
    "lokasi_pekerjaan": null
  },
  {
    "tahun_anggaran": 2020,
    "kd_klpd": "K20",
    "nama_klpd": "Kementerian Pemberdayaan Perempuan Dan Perlindungan Anak",
    "jenis_klpd": "KEMENTERIAN",
    "kd_satker": "100040",
    "nama_satker": "DINAS PEMBERDAYAAN PEREMPUAN PERLINDUNGAN ANAK DAN PENGENDALIAN PENDUDUK PROVINSI JAMBI",
    "kd_lpse": 119,
    "nama_lpse": "LPSE Lembaga Kebijakan Pengadaan Barang/Jasa Pemerintah",
    "kd_nontender": 6829119,
    "kd_rup_paket": "26037304",
    "nama_paket": "Belanja Barang Untuk Bantuan Lainnya Untuk Diserahkan kepada Masyarakat/Pemda dalam bentuk barang - Penanganan Pandemi COVID-19",
    "pagu": 181500000,
    "hps": 181456500,
    "anggaran": "APBN",
    "kualifikasi_paket": "Perusahaan Kecil",
    "kategori_pengadaan": "Pengadaan Barang",
    "metode_pengadaan": "Pengadaan Langsung",
    "tanggal_buat_paket": "2020-08-03",
    "tanggal_pengumuman_nontender": "2020-08-14 08:00:00",
    "nama_status_nontender": "Aktif",
    "versi_nontender": 1,
    "ket_diulang": null,
    "ket_ditutup": null,
    "lokasi_pekerjaan": "Kab/Kota - Jambi (Kota)"
  },
  {
    "tahun_anggaran": 2020,
    "kd_klpd": "K20",
    "nama_klpd": "Kementerian Pemberdayaan Perempuan Dan Perlindungan Anak",
    "jenis_klpd": "KEMENTERIAN",
    "kd_satker": "100040",
    "nama_satker": "DINAS PEMBERDAYAAN PEREMPUAN PERLINDUNGAN ANAK DAN PENGENDALIAN PENDUDUK PROVINSI JAMBI",
    "kd_lpse": 119,
    "nama_lpse": "LPSE Lembaga Kebijakan Pengadaan Barang/Jasa Pemerintah",
    "kd_nontender": 6858119,
    "kd_rup_paket": "26158674",
    "nama_paket": "-     Paket Meeting Fullboard",
    "pagu": 61100000,
    "hps": 57810000,
    "anggaran": "APBN",
    "kualifikasi_paket": "Perusahaan Non Kecil",
    "kategori_pengadaan": "Jasa Lainnya",
    "metode_pengadaan": "Pengadaan Langsung",
    "tanggal_buat_paket": "2020-09-01",
    "tanggal_pengumuman_nontender": "2020-09-03 08:00:00",
    "nama_status_nontender": "Aktif",
    "versi_nontender": 1,
    "ket_diulang": null,
    "ket_ditutup": null,
    "lokasi_pekerjaan": "Kota Jambi - Jambi (Kota)"
  },
  {
    "tahun_anggaran": 2020,
    "kd_klpd": "K20",
    "nama_klpd": "Kementerian Pemberdayaan Perempuan Dan Perlindungan Anak",
    "jenis_klpd": "KEMENTERIAN",
    "kd_satker": "100040",
    "nama_satker": "DINAS PEMBERDAYAAN PEREMPUAN PERLINDUNGAN ANAK DAN PENGENDALIAN PENDUDUK PROVINSI JAMBI",
    "kd_lpse": 119,
    "nama_lpse": "LPSE Lembaga Kebijakan Pengadaan Barang/Jasa Pemerintah",
    "kd_nontender": 6863119,
    "kd_rup_paket": "26168323",
    "nama_paket": "-     Paket Meeting Fullboard",
    "pagu": 74040000,
    "hps": 73800000,
    "anggaran": "APBN",
    "kualifikasi_paket": "Perusahaan Non Kecil",
    "kategori_pengadaan": "Jasa Lainnya",
    "metode_pengadaan": "Pengadaan Langsung",
    "tanggal_buat_paket": "2020-09-03",
    "tanggal_pengumuman_nontender": "2020-09-04 15:00:00",
    "nama_status_nontender": "Aktif",
    "versi_nontender": 1,
    "ket_diulang": null,
    "ket_ditutup": null,
    "lokasi_pekerjaan": "Kota Jambi - Jambi (Kota)"
  },
  {
    "tahun_anggaran": 2020,
    "kd_klpd": "K25",
    "nama_klpd": "Kementerian Perencanaan Pembangunan Nasional",
    "jenis_klpd": "KEMENTERIAN",
    "kd_satker": "017312",
    "nama_satker": "KANTOR MENTERI NEGARA PPN  BAPPENAS",
    "kd_lpse": 119,
    "nama_lpse": "LPSE Lembaga Kebijakan Pengadaan Barang/Jasa Pemerintah",
    "kd_nontender": 6612119,
    "kd_rup_paket": "23106155",
    "nama_paket": "Sewa Rumah Keg. Koordinasi Strategis Pelaksanaan Kantor Bersama Pemerintah dengan Badan Usaha (KPBU)",
    "pagu": 1020000000,
    "hps": 1020000000,
    "anggaran": "APBN",
    "kualifikasi_paket": null,
    "kategori_pengadaan": "Jasa Lainnya",
    "metode_pengadaan": "Penunjukan Langsung",
    "tanggal_buat_paket": "2019-12-26",
    "tanggal_pengumuman_nontender": null,
    "nama_status_nontender": "Draft",
    "versi_nontender": 1,
    "ket_diulang": null,
    "ket_ditutup": null,
    "lokasi_pekerjaan": "Jalan Bondowoso No. 12 Menteng - Jakarta Pusat - Jakarta Pusat (Kota)"
  },
  {
    "tahun_anggaran": 2020,
    "kd_klpd": "K25",
    "nama_klpd": "Kementerian Perencanaan Pembangunan Nasional",
    "jenis_klpd": "KEMENTERIAN",
    "kd_satker": "017312",
    "nama_satker": "KANTOR MENTERI NEGARA PPN  BAPPENAS",
    "kd_lpse": 119,
    "nama_lpse": "LPSE Lembaga Kebijakan Pengadaan Barang/Jasa Pemerintah",
    "kd_nontender": 6613119,
    "kd_rup_paket": "23107716;25736409",
    "nama_paket": "Sewa Ruang Kantor dan Jasa Pengelolaan Kegiatan Sekretariat ICCTF,Belanja Sewa Gedung Lippo Kuningan untuk Kegiatan Satker MWA ICCTF",
    "pagu": 5694077000,
    "hps": 2838647460,
    "anggaran": "APBN",
    "kualifikasi_paket": null,
    "kategori_pengadaan": "Jasa Lainnya",
    "metode_pengadaan": "Penunjukan Langsung",
    "tanggal_buat_paket": "2019-12-26",
    "tanggal_pengumuman_nontender": null,
    "nama_status_nontender": "Draft",
    "versi_nontender": 1,
    "ket_diulang": null,
    "ket_ditutup": null,
    "lokasi_pekerjaan": "Gedung Lippo Kuningan Lantai 15. Jalan H.R. Rasuna Said Kav.B-12, Jakarta Selatan 12940 - Jakarta Selatan (Kota)"
  },
  {
    "tahun_anggaran": 2020,
    "kd_klpd": "K25",
    "nama_klpd": "Kementerian Perencanaan Pembangunan Nasional",
    "jenis_klpd": "KEMENTERIAN",
    "kd_satker": "017312",
    "nama_satker": "KANTOR MENTERI NEGARA PPN  BAPPENAS",
    "kd_lpse": 119,
    "nama_lpse": "LPSE Lembaga Kebijakan Pengadaan Barang/Jasa Pemerintah",
    "kd_nontender": 6629119,
    "kd_rup_paket": "23449982",
    "nama_paket": "Direktur Eksekutif Pada TIM Koordinasi Strategis Penguatan Pendampingan Pembangunan TA 2020",
    "pagu": 840000000,
    "hps": 840000000,
    "anggaran": "APBN",
    "kualifikasi_paket": null,
    "kategori_pengadaan": "Jasa Konsultansi Perorangan",
    "metode_pengadaan": "Penunjukan Langsung",
    "tanggal_buat_paket": "2020-01-09",
    "tanggal_pengumuman_nontender": "2020-02-11 12:30:00",
    "nama_status_nontender": "Aktif",
    "versi_nontender": 1,
    "ket_diulang": null,
    "ket_ditutup": null,
    "lokasi_pekerjaan": "Jln Taman Suropati 2 - Jakarta Pusat (Kota)"
  },
  {
    "tahun_anggaran": 2020,
    "kd_klpd": "K25",
    "nama_klpd": "Kementerian Perencanaan Pembangunan Nasional",
    "jenis_klpd": "KEMENTERIAN",
    "kd_satker": "017312",
    "nama_satker": "KANTOR MENTERI NEGARA PPN  BAPPENAS",
    "kd_lpse": 119,
    "nama_lpse": "LPSE Lembaga Kebijakan Pengadaan Barang/Jasa Pemerintah",
    "kd_nontender": 6631119,
    "kd_rup_paket": "23448989",
    "nama_paket": "Tenaga ahli selaku ketua kelompok kerja pengembangan diklat pada TIM nasional Penguatan Pendampingan Pembangunan TA 2020",
    "pagu": 600000000,
    "hps": 600000000,
    "anggaran": "APBN",
    "kualifikasi_paket": null,
    "kategori_pengadaan": "Jasa Konsultansi Badan Usaha Non Konstruksi",
    "metode_pengadaan": "Penunjukan Langsung",
    "tanggal_buat_paket": "2020-01-09",
    "tanggal_pengumuman_nontender": null,
    "nama_status_nontender": "Draft",
    "versi_nontender": 1,
    "ket_diulang": null,
    "ket_ditutup": null,
    "lokasi_pekerjaan": "Jln Taman Suropati 2 - Jakarta Pusat (Kota)"
  },
  {
    "tahun_anggaran": 2020,
    "kd_klpd": "K25",
    "nama_klpd": "Kementerian Perencanaan Pembangunan Nasional",
    "jenis_klpd": "KEMENTERIAN",
    "kd_satker": "017312",
    "nama_satker": "KANTOR MENTERI NEGARA PPN  BAPPENAS",
    "kd_lpse": 119,
    "nama_lpse": "LPSE Lembaga Kebijakan Pengadaan Barang/Jasa Pemerintah",
    "kd_nontender": 6632119,
    "kd_rup_paket": "23449365",
    "nama_paket": "Tenaga Ahli Selaku Ketua Kelompok Kerja Pengembangan Sertifikasi Kompetensi dan Kualifikasi Pada TIM Nasional Penguatan Pendampingan Pembangunan TA 2020",
    "pagu": 300000000,
    "hps": 300000000,
    "anggaran": "APBN",
    "kualifikasi_paket": null,
    "kategori_pengadaan": "Jasa Konsultansi Perorangan",
    "metode_pengadaan": "Penunjukan Langsung",
    "tanggal_buat_paket": "2020-01-09",
    "tanggal_pengumuman_nontender": "2020-02-14 12:35:00",
    "nama_status_nontender": "Aktif",
    "versi_nontender": 1,
    "ket_diulang": null,
    "ket_ditutup": null,
    "lokasi_pekerjaan": "Jln Taman Suropati 2 - Jakarta Pusat (Kota)"
  },
  {
    "tahun_anggaran": 2020,
    "kd_klpd": "K25",
    "nama_klpd": "Kementerian Perencanaan Pembangunan Nasional",
    "jenis_klpd": "KEMENTERIAN",
    "kd_satker": "017312",
    "nama_satker": "KANTOR MENTERI NEGARA PPN  BAPPENAS",
    "kd_lpse": 119,
    "nama_lpse": "LPSE Lembaga Kebijakan Pengadaan Barang/Jasa Pemerintah",
    "kd_nontender": 6652119,
    "kd_rup_paket": "24016501",
    "nama_paket": "KEGIATAN SEWA RUANGAN, KURSI, MEJA, DAN KAMAR UNTUK PELAKSANAAN COMPUTER ASSISTED TEST (CAT)  CALON PEGAWAI NEGERI SIPIL (CPNS) TAHUN 2019 KEMENTERIAN PPN/BAPPENAS",
    "pagu": 1119000000,
    "hps": 1105800000,
    "anggaran": "APBN",
    "kualifikasi_paket": null,
    "kategori_pengadaan": "Jasa Lainnya",
    "metode_pengadaan": "Penunjukan Langsung",
    "tanggal_buat_paket": "2020-01-23",
    "tanggal_pengumuman_nontender": null,
    "nama_status_nontender": "Draft",
    "versi_nontender": 1,
    "ket_diulang": null,
    "ket_ditutup": null,
    "lokasi_pekerjaan": "Jln Taman Suropati 2 - Jakarta Pusat (Kota)"
  },
  {
    "tahun_anggaran": 2020,
    "kd_klpd": "K25",
    "nama_klpd": "Kementerian Perencanaan Pembangunan Nasional",
    "jenis_klpd": "KEMENTERIAN",
    "kd_satker": "017312",
    "nama_satker": "KANTOR MENTERI NEGARA PPN  BAPPENAS",
    "kd_lpse": 119,
    "nama_lpse": "LPSE Lembaga Kebijakan Pengadaan Barang/Jasa Pemerintah",
    "kd_nontender": 6656119,
    "kd_rup_paket": "24013946",
    "nama_paket": "Tenaga Ahli Senior Teknik Sipil (Project Management)",
    "pagu": 280000000,
    "hps": 175000001,
    "anggaran": "APBN",
    "kualifikasi_paket": null,
    "kategori_pengadaan": "Jasa Konsultansi Badan Usaha Non Konstruksi",
    "metode_pengadaan": "Seleksi",
    "tanggal_buat_paket": "2020-01-23",
    "tanggal_pengumuman_nontender": null,
    "nama_status_nontender": "Draft",
    "versi_nontender": 1,
    "ket_diulang": null,
    "ket_ditutup": null,
    "lokasi_pekerjaan": "bappenas - Jakarta Pusat (Kota)"
  },
  {
    "tahun_anggaran": 2020,
    "kd_klpd": "K25",
    "nama_klpd": "Kementerian Perencanaan Pembangunan Nasional",
    "jenis_klpd": "KEMENTERIAN",
    "kd_satker": "017312",
    "nama_satker": "KANTOR MENTERI NEGARA PPN  BAPPENAS",
    "kd_lpse": 119,
    "nama_lpse": "LPSE Lembaga Kebijakan Pengadaan Barang/Jasa Pemerintah",
    "kd_nontender": 6657119,
    "kd_rup_paket": "24012105",
    "nama_paket": "Tenaga Ahli Senior Teknik Sipil (Struktur)",
    "pagu": 280000000,
    "hps": 175000001,
    "anggaran": "APBN",
    "kualifikasi_paket": null,
    "kategori_pengadaan": "Jasa Konsultansi Badan Usaha Non Konstruksi",
    "metode_pengadaan": "Seleksi",
    "tanggal_buat_paket": "2020-01-23",
    "tanggal_pengumuman_nontender": null,
    "nama_status_nontender": "Draft",
    "versi_nontender": 1,
    "ket_diulang": null,
    "ket_ditutup": null,
    "lokasi_pekerjaan": "bappenas - Jakarta Pusat (Kota)"
  },
  {
    "tahun_anggaran": 2020,
    "kd_klpd": "K25",
    "nama_klpd": "Kementerian Perencanaan Pembangunan Nasional",
    "jenis_klpd": "KEMENTERIAN",
    "kd_satker": "017312",
    "nama_satker": "KANTOR MENTERI NEGARA PPN  BAPPENAS",
    "kd_lpse": 119,
    "nama_lpse": "LPSE Lembaga Kebijakan Pengadaan Barang/Jasa Pemerintah",
    "kd_nontender": 6658119,
    "kd_rup_paket": "24022728",
    "nama_paket": "Tenaga Ahli Senior Teknik Sipil (Kelautan)",
    "pagu": 280000000,
    "hps": 175000001,
    "anggaran": "APBN",
    "kualifikasi_paket": null,
    "kategori_pengadaan": "Jasa Konsultansi Badan Usaha Non Konstruksi",
    "metode_pengadaan": "Seleksi",
    "tanggal_buat_paket": "2020-01-23",
    "tanggal_pengumuman_nontender": null,
    "nama_status_nontender": "Draft",
    "versi_nontender": 1,
    "ket_diulang": null,
    "ket_ditutup": null,
    "lokasi_pekerjaan": "Bappenas - Jakarta Pusat (Kota)"
  },
  {
    "tahun_anggaran": 2020,
    "kd_klpd": "K25",
    "nama_klpd": "Kementerian Perencanaan Pembangunan Nasional",
    "jenis_klpd": "KEMENTERIAN",
    "kd_satker": "017312",
    "nama_satker": "KANTOR MENTERI NEGARA PPN  BAPPENAS",
    "kd_lpse": 119,
    "nama_lpse": "LPSE Lembaga Kebijakan Pengadaan Barang/Jasa Pemerintah",
    "kd_nontender": 6659119,
    "kd_rup_paket": "24066633",
    "nama_paket": "Tenaga Ahli Manajemen Bencana Flood Management in Selected River Basin (FMSRB)",
    "pagu": 228000000,
    "hps": 209000000,
    "anggaran": "PHLN",
    "kualifikasi_paket": null,
    "kategori_pengadaan": "Jasa Konsultansi Badan Usaha Non Konstruksi",
    "metode_pengadaan": "Seleksi",
    "tanggal_buat_paket": "2020-01-24",
    "tanggal_pengumuman_nontender": null,
    "nama_status_nontender": "Draft",
    "versi_nontender": 1,
    "ket_diulang": null,
    "ket_ditutup": null,
    "lokasi_pekerjaan": "Bappenas - Jakarta Pusat (Kota)"
  },
  {
    "tahun_anggaran": 2020,
    "kd_klpd": "K25",
    "nama_klpd": "Kementerian Perencanaan Pembangunan Nasional",
    "jenis_klpd": "KEMENTERIAN",
    "kd_satker": "017312",
    "nama_satker": "KANTOR MENTERI NEGARA PPN  BAPPENAS",
    "kd_lpse": 119,
    "nama_lpse": "LPSE Lembaga Kebijakan Pengadaan Barang/Jasa Pemerintah",
    "kd_nontender": 6674119,
    "kd_rup_paket": "24002538",
    "nama_paket": "Tenaga Ahli Teknik Kelautan (Teknik Pantai)",
    "pagu": 191400000,
    "hps": 181500000,
    "anggaran": "APBN",
    "kualifikasi_paket": null,
    "kategori_pengadaan": "Jasa Konsultansi Badan Usaha Non Konstruksi",
    "metode_pengadaan": "Seleksi",
    "tanggal_buat_paket": "2020-02-04",
    "tanggal_pengumuman_nontender": null,
    "nama_status_nontender": "Draft",
    "versi_nontender": 1,
    "ket_diulang": null,
    "ket_ditutup": null,
    "lokasi_pekerjaan": "Bappenas - Jakarta Pusat (Kota)"
  },
  {
    "tahun_anggaran": 2020,
    "kd_klpd": "K25",
    "nama_klpd": "Kementerian Perencanaan Pembangunan Nasional",
    "jenis_klpd": "KEMENTERIAN",
    "kd_satker": "017312",
    "nama_satker": "KANTOR MENTERI NEGARA PPN  BAPPENAS",
    "kd_lpse": 119,
    "nama_lpse": "LPSE Lembaga Kebijakan Pengadaan Barang/Jasa Pemerintah",
    "kd_nontender": 6683119,
    "kd_rup_paket": "24013946",
    "nama_paket": "Tenaga Ahli Senior Teknik Sipil (Project Management)",
    "pagu": 280000000,
    "hps": 175000001,
    "anggaran": "APBN",
    "kualifikasi_paket": null,
    "kategori_pengadaan": "Jasa Konsultansi Badan Usaha Non Konstruksi",
    "metode_pengadaan": "Seleksi",
    "tanggal_buat_paket": "2020-02-06",
    "tanggal_pengumuman_nontender": null,
    "nama_status_nontender": "Draft",
    "versi_nontender": 1,
    "ket_diulang": null,
    "ket_ditutup": null,
    "lokasi_pekerjaan": "bappenas - Jakarta Pusat (Kota)"
  },
  {
    "tahun_anggaran": 2020,
    "kd_klpd": "K25",
    "nama_klpd": "Kementerian Perencanaan Pembangunan Nasional",
    "jenis_klpd": "KEMENTERIAN",
    "kd_satker": "017312",
    "nama_satker": "KANTOR MENTERI NEGARA PPN  BAPPENAS",
    "kd_lpse": 119,
    "nama_lpse": "LPSE Lembaga Kebijakan Pengadaan Barang/Jasa Pemerintah",
    "kd_nontender": 6730119,
    "kd_rup_paket": "24885490",
    "nama_paket": "PENYUSUNAN KONSEP MASTER PLAN IBU KOTA NEGARA  DI KALIMANTAN TIMUR",
    "pagu": 85000000000,
    "hps": 84999722.5,
    "anggaran": "APBN",
    "kualifikasi_paket": null,
    "kategori_pengadaan": "Jasa Konsultansi Badan Usaha Non Konstruksi",
    "metode_pengadaan": "Penunjukan Langsung",
    "tanggal_buat_paket": "2020-03-18",
    "tanggal_pengumuman_nontender": null,
    "nama_status_nontender": "Draft",
    "versi_nontender": 1,
    "ket_diulang": null,
    "ket_ditutup": null,
    "lokasi_pekerjaan": "Jalan Taman Suropati No. 2, Jakarta Pusat 10310 - Jakarta Pusat (Kota)"
  },
  {
    "tahun_anggaran": 2020,
    "kd_klpd": "K25",
    "nama_klpd": "Kementerian Perencanaan Pembangunan Nasional",
    "jenis_klpd": "KEMENTERIAN",
    "kd_satker": "017312",
    "nama_satker": "KANTOR MENTERI NEGARA PPN  BAPPENAS",
    "kd_lpse": 119,
    "nama_lpse": "LPSE Lembaga Kebijakan Pengadaan Barang/Jasa Pemerintah",
    "kd_nontender": 6732119,
    "kd_rup_paket": "24885690",
    "nama_paket": "KAJIAN REKLAMASI TAMBANG UNTUK MENDUKUNG PENYUSUNAN KAJIAN LINGKUNGAN HIDUP STRATEGIS UNTUK MASTERPLAN IBU KOTA NEGARA",
    "pagu": 300000000,
    "hps": 300000000,
    "anggaran": "APBN",
    "kualifikasi_paket": null,
    "kategori_pengadaan": "Jasa Konsultansi Badan Usaha Non Konstruksi",
    "metode_pengadaan": "Pengadaan Langsung",
    "tanggal_buat_paket": "2020-03-19",
    "tanggal_pengumuman_nontender": null,
    "nama_status_nontender": "Draft",
    "versi_nontender": 1,
    "ket_diulang": null,
    "ket_ditutup": null,
    "lokasi_pekerjaan": "Jalan Taman Suropati No. 2, Jakarta Pusat 10310 - Jakarta Pusat (Kota)"
  },
  {
    "tahun_anggaran": 2020,
    "kd_klpd": "K25",
    "nama_klpd": "Kementerian Perencanaan Pembangunan Nasional",
    "jenis_klpd": "KEMENTERIAN",
    "kd_satker": "017312",
    "nama_satker": "KANTOR MENTERI NEGARA PPN  BAPPENAS",
    "kd_lpse": 119,
    "nama_lpse": "LPSE Lembaga Kebijakan Pengadaan Barang/Jasa Pemerintah",
    "kd_nontender": 6733119,
    "kd_rup_paket": "24885690",
    "nama_paket": "KAJIAN REKLAMASI TAMBANG UNTUK MENDUKUNG PENYUSUNAN KAJIAN LINGKUNGAN HIDUP STRATEGIS UNTUK MASTERPLAN IBU KOTA NEGARA",
    "pagu": 300000000,
    "hps": 300000000,
    "anggaran": "APBN",
    "kualifikasi_paket": null,
    "kategori_pengadaan": "Jasa Konsultansi Badan Usaha Non Konstruksi",
    "metode_pengadaan": "Pengadaan Langsung",
    "tanggal_buat_paket": "2020-03-19",
    "tanggal_pengumuman_nontender": null,
    "nama_status_nontender": "Draft",
    "versi_nontender": 1,
    "ket_diulang": null,
    "ket_ditutup": null,
    "lokasi_pekerjaan": "Jalan Taman Suropati No. 2, Jakarta Pusat 10310 - Jakarta Pusat (Kota)"
  },
  {
    "tahun_anggaran": 2020,
    "kd_klpd": "K25",
    "nama_klpd": "Kementerian Perencanaan Pembangunan Nasional",
    "jenis_klpd": "KEMENTERIAN",
    "kd_satker": "017312",
    "nama_satker": "KANTOR MENTERI NEGARA PPN  BAPPENAS",
    "kd_lpse": 119,
    "nama_lpse": "LPSE Lembaga Kebijakan Pengadaan Barang/Jasa Pemerintah",
    "kd_nontender": 6740119,
    "kd_rup_paket": "25422106",
    "nama_paket": "PENYUSUNAN RENCANA INDUK DAN STRATEGI PENGEMBANGAN IBU KOTA NEGARA (MASTER PLAN IBU KOTA NEGARA (MP IKN))",
    "pagu": 85000000000,
    "hps": 69999644000,
    "anggaran": "APBN",
    "kualifikasi_paket": null,
    "kategori_pengadaan": "Jasa Konsultansi Badan Usaha Non Konstruksi",
    "metode_pengadaan": "Penunjukan Langsung",
    "tanggal_buat_paket": "2020-03-24",
    "tanggal_pengumuman_nontender": "2020-04-13 09:00:00",
    "nama_status_nontender": "Aktif",
    "versi_nontender": 1,
    "ket_diulang": null,
    "ket_ditutup": null,
    "lokasi_pekerjaan": "Jalan Taman Suropati No. 2, Jakarta Pusat 10310 - Jakarta Pusat (Kota)"
  },
  {
    "tahun_anggaran": 2020,
    "kd_klpd": "K25",
    "nama_klpd": "Kementerian Perencanaan Pembangunan Nasional",
    "jenis_klpd": "KEMENTERIAN",
    "kd_satker": "017312",
    "nama_satker": "KANTOR MENTERI NEGARA PPN  BAPPENAS",
    "kd_lpse": 119,
    "nama_lpse": "LPSE Lembaga Kebijakan Pengadaan Barang/Jasa Pemerintah",
    "kd_nontender": 6775119,
    "kd_rup_paket": "25816898",
    "nama_paket": "PENGADAAN SEWA LAYANAN DATA SOCIAL MEDIA MONITORING",
    "pagu": 500000000,
    "hps": 485925000,
    "anggaran": "APBN",
    "kualifikasi_paket": "Perusahaan Non Kecil",
    "kategori_pengadaan": "Jasa Lainnya",
    "metode_pengadaan": "Penunjukan Langsung",
    "tanggal_buat_paket": "2020-06-08",
    "tanggal_pengumuman_nontender": "2020-06-09 10:00:00",
    "nama_status_nontender": "Aktif",
    "versi_nontender": 1,
    "ket_diulang": null,
    "ket_ditutup": null,
    "lokasi_pekerjaan": "Jl. Taman Suropati No. 2 - Jakarta Pusat (Kota)"
  },
  {
    "tahun_anggaran": 2020,
    "kd_klpd": "K25",
    "nama_klpd": "Kementerian Perencanaan Pembangunan Nasional",
    "jenis_klpd": "KEMENTERIAN",
    "kd_satker": "017312",
    "nama_satker": "KANTOR MENTERI NEGARA PPN  BAPPENAS",
    "kd_lpse": 119,
    "nama_lpse": "LPSE Lembaga Kebijakan Pengadaan Barang/Jasa Pemerintah",
    "kd_nontender": 6833119,
    "kd_rup_paket": "26079567",
    "nama_paket": "PENGADAAN RENEWAL MAINTENANCE APLIKASI AUDIT MANAGEMENT SYSTEM (AMS)",
    "pagu": 199936000,
    "hps": 199936000,
    "anggaran": "APBN",
    "kualifikasi_paket": null,
    "kategori_pengadaan": "Pengadaan Barang",
    "metode_pengadaan": "Penunjukan Langsung",
    "tanggal_buat_paket": "2020-08-05",
    "tanggal_pengumuman_nontender": null,
    "nama_status_nontender": "Draft",
    "versi_nontender": 1,
    "ket_diulang": null,
    "ket_ditutup": null,
    "lokasi_pekerjaan": "Kantor Kementerian PPN/Bappenas - Jakarta Pusat (Kota)"
  }
]