[
  {
    "tahun_anggaran": 2020,
    "kd_klpd": "K20",
    "nama_klpd": "Kementerian Pemberdayaan Perempuan Dan Perlindungan Anak",
    "jenis_klpd": "KEMENTERIAN",
    "kd_satker": "100040",
    "nama_satker": "DINAS PEMBERDAYAAN PEREMPUAN PERLINDUNGAN ANAK DAN PENGENDALIAN PENDUDUK PROVINSI JAMBI",
    "kd_lpse": 119,
    "nama_lpse": "LPSE Lembaga Kebijakan Pengadaan Barang/Jasa Pemerintah",
    "kd_nontender": 6829119,
    "kd_rup_paket": "26037304",
    "nama_paket": "Belanja Barang Untuk Bantuan Lainnya Untuk Diserahkan kepada Masyarakat/Pemda dalam bentuk barang - Penanganan Pandemi COVID-19",
    "pagu": 181500000,
    "hps": 181456500,
    "nilai_penawaran": 181440000,
    "nilai_terkoreksi": null,
    "nilai_negosiasi": 181440000,
    "nilai_kontrak": 181440000,
    "anggaran": "APBN",
    "kualifikasi_paket": "Perusahaan Kecil",
    "kategori_pengadaan": "Pengadaan Barang",
    "metode_pengadaan": "Pengadaan Langsung",
    "tanggal_buat_paket": "2020-08-03",
    "tanggal_pengumuman_nontender": "2020-08-14 08:00:00",
    "tanggal_selesai_nontender": "2020-08-28 16:00:00",
    "kd_penyedia": 1932070,
    "nama_penyedia": "CV. DINAMIKA JAYA UTAMA",
    "npwp_penyedia": "31.701.097.3-331.000",
    "kode_mak": "08.5922.001.001.051.0G.526322"
  },
  {
    "tahun_anggaran": 2020,
    "kd_klpd": "K20",
    "nama_klpd": "Kementerian Pemberdayaan Perempuan Dan Perlindungan Anak",
    "jenis_klpd": "KEMENTERIAN",
    "kd_satker": "100040",
    "nama_satker": "DINAS PEMBERDAYAAN PEREMPUAN PERLINDUNGAN ANAK DAN PENGENDALIAN PENDUDUK PROVINSI JAMBI",
    "kd_lpse": 119,
    "nama_lpse": "LPSE Lembaga Kebijakan Pengadaan Barang/Jasa Pemerintah",
    "kd_nontender": 6858119,
    "kd_rup_paket": "26158674",
    "nama_paket": "-     Paket Meeting Fullboard",
    "pagu": 61100000,
    "hps": 57810000,
    "nilai_penawaran": 57810000,
    "nilai_terkoreksi": 57810000,
    "nilai_negosiasi": 56400000,
    "nilai_kontrak": 56400000,
    "anggaran": "APBN",
    "kualifikasi_paket": "Perusahaan Non Kecil",
    "kategori_pengadaan": "Jasa Lainnya",
    "metode_pengadaan": "Pengadaan Langsung",
    "tanggal_buat_paket": "2020-09-01",
    "tanggal_pengumuman_nontender": "2020-09-03 08:00:00",
    "tanggal_selesai_nontender": "2020-09-08 16:00:00",
    "kd_penyedia": 457259,
    "nama_penyedia": "PT.RATU PERMATA HOTELINDO",
    "npwp_penyedia": "66.314.401.2-331.000",
    "kode_mak": "08.5922.001.001.051.0C.524114"
  },
  {
    "tahun_anggaran": 2020,
    "kd_klpd": "K20",
    "nama_klpd": "Kementerian Pemberdayaan Perempuan Dan Perlindungan Anak",
    "jenis_klpd": "KEMENTERIAN",
    "kd_satker": "100040",
    "nama_satker": "DINAS PEMBERDAYAAN PEREMPUAN PERLINDUNGAN ANAK DAN PENGENDALIAN PENDUDUK PROVINSI JAMBI",
    "kd_lpse": 119,
    "nama_lpse": "LPSE Lembaga Kebijakan Pengadaan Barang/Jasa Pemerintah",
    "kd_nontender": 6863119,
    "kd_rup_paket": "26168323",
    "nama_paket": "-     Paket Meeting Fullboard",
    "pagu": 74040000,
    "hps": 73800000,
    "nilai_penawaran": 73800000,
    "nilai_terkoreksi": 73800000,
    "nilai_negosiasi": 72000000,
    "nilai_kontrak": 72000000,
    "anggaran": "APBN",
    "kualifikasi_paket": "Perusahaan Non Kecil",
    "kategori_pengadaan": "Jasa Lainnya",
    "metode_pengadaan": "Pengadaan Langsung",
    "tanggal_buat_paket": "2020-09-03",
    "tanggal_pengumuman_nontender": "2020-09-04 15:00:00",
    "tanggal_selesai_nontender": "2020-09-11 11:30:00",
    "kd_penyedia": 457259,
    "nama_penyedia": "PT.RATU PERMATA HOTELINDO",
    "npwp_penyedia": "66.314.401.2-331.000",
    "kode_mak": "08.5922.001.001.051.0D.524114"
  },
  {
    "tahun_anggaran": 2020,
    "kd_klpd": "K25",
    "nama_klpd": "Kementerian Perencanaan Pembangunan Nasional",
    "jenis_klpd": "KEMENTERIAN",
    "kd_satker": "017312",
    "nama_satker": "KANTOR MENTERI NEGARA PPN  BAPPENAS",
    "kd_lpse": 119,
    "nama_lpse": "LPSE Lembaga Kebijakan Pengadaan Barang/Jasa Pemerintah",
    "kd_nontender": 6740119,
    "kd_rup_paket": "25422106",
    "nama_paket": "PENYUSUNAN RENCANA INDUK DAN STRATEGI PENGEMBANGAN IBU KOTA NEGARA (MASTER PLAN IBU KOTA NEGARA (MP IKN))",
    "pagu": 85000000000,
    "hps": 69999644000,
    "nilai_penawaran": 69999644000,
    "nilai_terkoreksi": 69999644000,
    "nilai_negosiasi": 69999644000,
    "nilai_kontrak": null,
    "anggaran": "APBN",
    "kualifikasi_paket": null,
    "kategori_pengadaan": "Jasa Konsultansi Badan Usaha Non Konstruksi",
    "metode_pengadaan": "Penunjukan Langsung",
    "tanggal_buat_paket": "2020-03-24",
    "tanggal_pengumuman_nontender": "2020-04-13 09:00:00",
    "tanggal_selesai_nontender": "2020-06-23 16:59:00",
    "kd_penyedia": 3523126,
    "nama_penyedia": "McKinsey Indonesia",
    "npwp_penyedia": "01.071.023.4-058.000",
    "kode_mak": "15.2953.608.064.064.15.522131"
  },
  {
    "tahun_anggaran": 2020,
    "kd_klpd": "K25",
    "nama_klpd": "Kementerian Perencanaan Pembangunan Nasional",
    "jenis_klpd": "KEMENTERIAN",
    "kd_satker": "017312",
    "nama_satker": "KANTOR MENTERI NEGARA PPN  BAPPENAS",
    "kd_lpse": 119,
    "nama_lpse": "LPSE Lembaga Kebijakan Pengadaan Barang/Jasa Pemerintah",
    "kd_nontender": 6775119,
    "kd_rup_paket": "25816898",
    "nama_paket": "PENGADAAN SEWA LAYANAN DATA SOCIAL MEDIA MONITORING",
    "pagu": 500000000,
    "hps": 485925000,
    "nilai_penawaran": 485925000,
    "nilai_terkoreksi": null,
    "nilai_negosiasi": 471900000,
    "nilai_kontrak": null,
    "anggaran": "APBN",
    "kualifikasi_paket": "Perusahaan Non Kecil",
    "kategori_pengadaan": "Jasa Lainnya",
    "metode_pengadaan": "Penunjukan Langsung",
    "tanggal_buat_paket": "2020-06-08",
    "tanggal_pengumuman_nontender": "2020-06-09 10:00:00",
    "tanggal_selesai_nontender": "2020-07-01 23:59:00",
    "kd_penyedia": 25587119,
    "nama_penyedia": "PT Maverick Solusi Komunikasi",
    "npwp_penyedia": "02.225.390.0-062.000",
    "kode_mak": "06.2916.963.000.117.00.522141"
  },
  {
    "tahun_anggaran": 2020,
    "kd_klpd": "K39",
    "nama_klpd": "Kementerian Koordinator Bidang Kemaritiman",
    "jenis_klpd": "KEMENTERIAN",
    "kd_satker": "350494",
    "nama_satker": "Kementerian Koordinator Bidang Kemaritiman dan Investasi",
    "kd_lpse": 119,
    "nama_lpse": "LPSE Lembaga Kebijakan Pengadaan Barang/Jasa Pemerintah",
    "kd_nontender": 6793119,
    "kd_rup_paket": "25907360",
    "nama_paket": "Pengadaan Tinta Printer Juli 2020",
    "pagu": 100000000,
    "hps": 56843600,
    "nilai_penawaran": 55069300,
    "nilai_terkoreksi": 55069300,
    "nilai_negosiasi": 55069300,
    "nilai_kontrak": null,
    "anggaran": "APBN",
    "kualifikasi_paket": "Perusahaan Kecil",
    "kategori_pengadaan": "Pengadaan Barang",
    "metode_pengadaan": "Pengadaan Langsung",
    "tanggal_buat_paket": "2020-06-30",
    "tanggal_pengumuman_nontender": "2020-07-20 09:00:00",
    "tanggal_selesai_nontender": "2020-07-29 16:00:00",
    "kd_penyedia": 13240047,
    "nama_penyedia": "PT. SINAR MULIA MAKMUR",
    "npwp_penyedia": "01.814.244.8-043.000",
    "kode_mak": "01.5601.994.001.002.0G.521811"
  },
  {
    "tahun_anggaran": 2020,
    "kd_klpd": "L36",
    "nama_klpd": "Lembaga Kebijakan Pengadaan Barang/Jasa Pemerintah",
    "jenis_klpd": "LEMBAGA",
    "kd_satker": "970968",
    "nama_satker": "LEMBAGA KEBIJAKAN PENGADAAN BARANGJASA PEMERINTAH",
    "kd_lpse": 119,
    "nama_lpse": "LPSE Lembaga Kebijakan Pengadaan Barang/Jasa Pemerintah",
    "kd_nontender": 6781119,
    "kd_rup_paket": "22397264",
    "nama_paket": "Penataan Ulang Ruang Kerja LKPP",
    "pagu": 190000000,
    "hps": 88318264.1,
    "nilai_penawaran": 88000000,
    "nilai_terkoreksi": 88000000,
    "nilai_negosiasi": 87500000,
    "nilai_kontrak": null,
    "anggaran": "APBN",
    "kualifikasi_paket": "Perusahaan Kecil",
    "kategori_pengadaan": "Jasa Lainnya",
    "metode_pengadaan": "Pengadaan Langsung",
    "tanggal_buat_paket": "2020-06-18",
    "tanggal_pengumuman_nontender": "2020-06-19 15:40:00",
    "tanggal_selesai_nontender": "2020-06-29 23:59:00",
    "kd_penyedia": 14488119,
    "nama_penyedia": "Perdana Ihsan Mubarak",
    "npwp_penyedia": "83.619.798.8-061.000",
    "kode_mak": "01.3927.951.001.054.54.533121"
  },
  {
    "tahun_anggaran": 2020,
    "kd_klpd": "L36",
    "nama_klpd": "Lembaga Kebijakan Pengadaan Barang/Jasa Pemerintah",
    "jenis_klpd": "LEMBAGA",
    "kd_satker": "970968",
    "nama_satker": "LEMBAGA KEBIJAKAN PENGADAAN BARANGJASA PEMERINTAH",
    "kd_lpse": 119,
    "nama_lpse": "LPSE Lembaga Kebijakan Pengadaan Barang/Jasa Pemerintah",
    "kd_nontender": 6786119,
    "kd_rup_paket": "25911027",
    "nama_paket": "IT Management Support (Pengadaan Jasa Lainnya Migrasi Server)",
    "pagu": 400000000,
    "hps": 200000000,
    "nilai_penawaran": 180000000,
    "nilai_terkoreksi": 180000000,
    "nilai_negosiasi": 180000000,
    "nilai_kontrak": null,
    "anggaran": "APBN",
    "kualifikasi_paket": "Perusahaan Kecil",
    "kategori_pengadaan": "Jasa Lainnya",
    "metode_pengadaan": "Pengadaan Langsung",
    "tanggal_buat_paket": "2020-06-23",
    "tanggal_pengumuman_nontender": "2020-06-24 01:00:00",
    "tanggal_selesai_nontender": "2020-06-26 18:00:00",
    "kd_penyedia": 15137127,
    "nama_penyedia": "PT. HARATECH GALIH INOVASI",
    "npwp_penyedia": "80.623.423.3-015.000",
    "kode_mak": "06.3932.011.001.052.52.522191"
  },
  {
    "tahun_anggaran": 2020,
    "kd_klpd": "L36",
    "nama_klpd": "Lembaga Kebijakan Pengadaan Barang/Jasa Pemerintah",
    "jenis_klpd": "LEMBAGA",
    "kd_satker": "970968",
    "nama_satker": "LEMBAGA KEBIJAKAN PENGADAAN BARANGJASA PEMERINTAH",
    "kd_lpse": 119,
    "nama_lpse": "LPSE Lembaga Kebijakan Pengadaan Barang/Jasa Pemerintah",
    "kd_nontender": 6801119,
    "kd_rup_paket": "25919799",
    "nama_paket": "Pengadaan Konsultan Perorangan Senior Programmer SPSE Terpusat",
    "pagu": 100000000,
    "hps": 100000000,
    "nilai_penawaran": 98000000,
    "nilai_terkoreksi": null,
    "nilai_negosiasi": 94000000,
    "nilai_kontrak": null,
    "anggaran": "APBN",
    "kualifikasi_paket": null,
    "kategori_pengadaan": "Jasa Konsultansi Perorangan",
    "metode_pengadaan": "Pengadaan Langsung",
    "tanggal_buat_paket": "2020-07-06",
    "tanggal_pengumuman_nontender": "2020-08-03 08:00:00",
    "tanggal_selesai_nontender": "2020-08-06 17:00:00",
    "kd_penyedia": 27597119,
    "nama_penyedia": "ARIF FAJAR BUDIMAN",
    "npwp_penyedia": "24.842.798.1-017.000",
    "kode_mak": "06.3932.011.001.052.0A.536111"
  },
  {
    "tahun_anggaran": 2020,
    "kd_klpd": "L36",
    "nama_klpd": "Lembaga Kebijakan Pengadaan Barang/Jasa Pemerintah",
    "jenis_klpd": "LEMBAGA",
    "kd_satker": "970968",
    "nama_satker": "LEMBAGA KEBIJAKAN PENGADAAN BARANGJASA PEMERINTAH",
    "kd_lpse": 119,
    "nama_lpse": "LPSE Lembaga Kebijakan Pengadaan Barang/Jasa Pemerintah",
    "kd_nontender": 6803119,
    "kd_rup_paket": "22407230",
    "nama_paket": "Pemeliharaan Genset 1.000 KVA",
    "pagu": 198000000,
    "hps": 198000000,
    "nilai_penawaran": 197010000,
    "nilai_terkoreksi": null,
    "nilai_negosiasi": 185900000,
    "nilai_kontrak": null,
    "anggaran": "APBN",
    "kualifikasi_paket": "Perusahaan Kecil",
    "kategori_pengadaan": "Jasa Lainnya",
    "metode_pengadaan": "Pengadaan Langsung",
    "tanggal_buat_paket": "2020-07-06",
    "tanggal_pengumuman_nontender": "2020-07-08 09:00:00",
    "tanggal_selesai_nontender": "2020-07-10 23:59:00",
    "kd_penyedia": 22990014,
    "nama_penyedia": "PT.ELPIRA PUTRA SEJAHTERA",
    "npwp_penyedia": "02.605.295.1-002.000",
    "kode_mak": "01.3927.994.001.002.0D.523121"
  },
  {
    "tahun_anggaran": 2020,
    "kd_klpd": "L36",
    "nama_klpd": "Lembaga Kebijakan Pengadaan Barang/Jasa Pemerintah",
    "jenis_klpd": "LEMBAGA",
    "kd_satker": "970968",
    "nama_satker": "LEMBAGA KEBIJAKAN PENGADAAN BARANGJASA PEMERINTAH",
    "kd_lpse": 119,
    "nama_lpse": "LPSE Lembaga Kebijakan Pengadaan Barang/Jasa Pemerintah",
    "kd_nontender": 6823119,
    "kd_rup_paket": "26044300",
    "nama_paket": "Testing Fungsional Aplikasi SPSE Terpusat",
    "pagu": 400000000,
    "hps": 192500000,
    "nilai_penawaran": 198000000,
    "nilai_terkoreksi": null,
    "nilai_negosiasi": 190000000,
    "nilai_kontrak": null,
    "anggaran": "APBN",
    "kualifikasi_paket": "Perusahaan Non Kecil",
    "kategori_pengadaan": "Jasa Lainnya",
    "metode_pengadaan": "Pengadaan Langsung",
    "tanggal_buat_paket": "2020-07-29",
    "tanggal_pengumuman_nontender": "2020-08-06 16:30:00",
    "tanggal_selesai_nontender": "2020-08-10 17:00:00",
    "kd_penyedia": 21112119,
    "nama_penyedia": "PT DISHAPPS INOVASI TEKNOLOGI",
    "npwp_penyedia": "93.278.822.7-071.000",
    "kode_mak": "06.3932.011.001.052.0A.522191"
  },
  {
    "tahun_anggaran": 2020,
    "kd_klpd": "L36",
    "nama_klpd": "Lembaga Kebijakan Pengadaan Barang/Jasa Pemerintah",
    "jenis_klpd": "LEMBAGA",
    "kd_satker": "970968",
    "nama_satker": "LEMBAGA KEBIJAKAN PENGADAAN BARANGJASA PEMERINTAH",
    "kd_lpse": 119,
    "nama_lpse": "LPSE Lembaga Kebijakan Pengadaan Barang/Jasa Pemerintah",
    "kd_nontender": 6824119,
    "kd_rup_paket": "26044299",
    "nama_paket": "Testing Sekuriti Aplikasi SPSE Terpusat",
    "pagu": 390000000,
    "hps": 187000000,
    "nilai_penawaran": 187000000,
    "nilai_terkoreksi": null,
    "nilai_negosiasi": 187000000,
    "nilai_kontrak": null,
    "anggaran": "APBN",
    "kualifikasi_paket": "Perusahaan Kecil",
    "kategori_pengadaan": "Jasa Lainnya",
    "metode_pengadaan": "Pengadaan Langsung",
    "tanggal_buat_paket": "2020-07-29",
    "tanggal_pengumuman_nontender": "2020-08-17 08:00:00",
    "tanggal_selesai_nontender": "2020-08-27 17:00:00",
    "kd_penyedia": 27623119,
    "nama_penyedia": "PT. SYNERGY LINTAS INTERNATIONAL",
    "npwp_penyedia": "83.950.674.8-011.000",
    "kode_mak": "06.3932.011.001.052.0A.522191"
  },
  {
    "tahun_anggaran": 2020,
    "kd_klpd": "L36",
    "nama_klpd": "Lembaga Kebijakan Pengadaan Barang/Jasa Pemerintah",
    "jenis_klpd": "LEMBAGA",
    "kd_satker": "970968",
    "nama_satker": "LEMBAGA KEBIJAKAN PENGADAAN BARANGJASA PEMERINTAH",
    "kd_lpse": 119,
    "nama_lpse": "LPSE Lembaga Kebijakan Pengadaan Barang/Jasa Pemerintah",
    "kd_nontender": 6832119,
    "kd_rup_paket": "26076001",
    "nama_paket": "Pengadaan Sensor Unit AC VRF dan Pemasangan di Gedung LKPP",
    "pagu": 250000000,
    "hps": 157080000,
    "nilai_penawaran": 156832500,
    "nilai_terkoreksi": 156832500,
    "nilai_negosiasi": 134282500,
    "nilai_kontrak": null,
    "anggaran": "APBN",
    "kualifikasi_paket": "Perusahaan Non Kecil",
    "kategori_pengadaan": "Jasa Lainnya",
    "metode_pengadaan": "Pengadaan Langsung",
    "tanggal_buat_paket": "2020-08-05",
    "tanggal_pengumuman_nontender": "2020-08-07 15:15:00",
    "tanggal_selesai_nontender": "2020-08-18 23:59:00",
    "kd_penyedia": 2066047,
    "nama_penyedia": "PT JAYA TEKNIK INDONESIA",
    "npwp_penyedia": "01.313.138.8-073.000",
    "kode_mak": "01.3927.994.001.002.0A.523111"
  },
  {
    "tahun_anggaran": 2020,
    "kd_klpd": "L36",
    "nama_klpd": "Lembaga Kebijakan Pengadaan Barang/Jasa Pemerintah",
    "jenis_klpd": "LEMBAGA",
    "kd_satker": "970968",
    "nama_satker": "LEMBAGA KEBIJAKAN PENGADAAN BARANGJASA PEMERINTAH",
    "kd_lpse": 119,
    "nama_lpse": "LPSE Lembaga Kebijakan Pengadaan Barang/Jasa Pemerintah",
    "kd_nontender": 6859119,
    "kd_rup_paket": "26164873",
    "nama_paket": "Modifikasi dan Instalasi Plumbing",
    "pagu": 888250000,
    "hps": 189331824,
    "nilai_penawaran": 180154524,
    "nilai_terkoreksi": 180154524,
    "nilai_negosiasi": 167198460,
    "nilai_kontrak": null,
    "anggaran": "APBN",
    "kualifikasi_paket": "Perusahaan Non Kecil",
    "kategori_pengadaan": "Jasa Lainnya",
    "metode_pengadaan": "Pengadaan Langsung",
    "tanggal_buat_paket": "2020-09-02",
    "tanggal_pengumuman_nontender": "2020-09-10 14:00:00",
    "tanggal_selesai_nontender": "2020-09-15 23:59:00",
    "kd_penyedia": 1343114,
    "nama_penyedia": "PT. UNGGUL BRATA",
    "npwp_penyedia": "02.491.811.2-021.000",
    "kode_mak": "01.3927.994.001.002.0A.523111"
  },
  {
    "tahun_anggaran": 2020,
    "kd_klpd": "L36",
    "nama_klpd": "Lembaga Kebijakan Pengadaan Barang/Jasa Pemerintah",
    "jenis_klpd": "LEMBAGA",
    "kd_satker": "970968",
    "nama_satker": "LEMBAGA KEBIJAKAN PENGADAAN BARANGJASA PEMERINTAH",
    "kd_lpse": 119,
    "nama_lpse": "LPSE Lembaga Kebijakan Pengadaan Barang/Jasa Pemerintah",
    "kd_nontender": 6865119,
    "kd_rup_paket": "26050770",
    "nama_paket": "Surveillance ISO 9001:2015 (Seksi Layanan Dukungan Pengguna SPSE)",
    "pagu": 40000000,
    "hps": 39710000,
    "nilai_penawaran": 39050000,
    "nilai_terkoreksi": 39050000,
    "nilai_negosiasi": 38300000,
    "nilai_kontrak": null,
    "anggaran": "APBN",
    "kualifikasi_paket": "Perusahaan Non Kecil",
    "kategori_pengadaan": "Jasa Lainnya",
    "metode_pengadaan": "Pengadaan Langsung",
    "tanggal_buat_paket": "2020-09-08",
    "tanggal_pengumuman_nontender": "2020-09-17 17:00:00",
    "tanggal_selesai_nontender": "2020-09-25 23:59:00",
    "kd_penyedia": 691555,
    "nama_penyedia": "PT.PRIMA NUSA GEMILANG",
    "npwp_penyedia": "84.737.592.0-005.000",
    "kode_mak": "06.3932.005.001.053.0A.522191"
  },
  {
    "tahun_anggaran": 2020,
    "kd_klpd": "L36",
    "nama_klpd": "Lembaga Kebijakan Pengadaan Barang/Jasa Pemerintah",
    "jenis_klpd": "LEMBAGA",
    "kd_satker": "970968",
    "nama_satker": "LEMBAGA KEBIJAKAN PENGADAAN BARANGJASA PEMERINTAH",
    "kd_lpse": 119,
    "nama_lpse": "LPSE Lembaga Kebijakan Pengadaan Barang/Jasa Pemerintah",
    "kd_nontender": 6870119,
    "kd_rup_paket": "26198897",
    "nama_paket": "Jasa Konsultan Badan Usaha Organization Diagnostic LKPP",
    "pagu": 100000000,
    "hps": 100000000,
    "nilai_penawaran": 99000000,
    "nilai_terkoreksi": null,
    "nilai_negosiasi": 99000000,
    "nilai_kontrak": null,
    "anggaran": "APBN",
    "kualifikasi_paket": null,
    "kategori_pengadaan": "Jasa Konsultansi Badan Usaha Non Konstruksi",
    "metode_pengadaan": "Pengadaan Langsung",
    "tanggal_buat_paket": "2020-09-11",
    "tanggal_pengumuman_nontender": "2020-09-11 16:00:00",
    "tanggal_selesai_nontender": "2020-09-16 23:59:00",
    "kd_penyedia": 99366,
    "nama_penyedia": "Trans Manajemen",
    "npwp_penyedia": "80.794.127.3-018.000",
    "kode_mak": "01.3926.960.001.052.0A.522131"
  },
  {
    "tahun_anggaran": 2020,
    "kd_klpd": "L36",
    "nama_klpd": "Lembaga Kebijakan Pengadaan Barang/Jasa Pemerintah",
    "jenis_klpd": "LEMBAGA",
    "kd_satker": "970968",
    "nama_satker": "LEMBAGA KEBIJAKAN PENGADAAN BARANGJASA PEMERINTAH",
    "kd_lpse": 119,
    "nama_lpse": "LPSE Lembaga Kebijakan Pengadaan Barang/Jasa Pemerintah",
    "kd_nontender": 6877119,
    "kd_rup_paket": "26205267",
    "nama_paket": "Sewa Layanan Antar Jemput Pegawai",
    "pagu": 200000000,
    "hps": 200000000,
    "nilai_penawaran": 195000000,
    "nilai_terkoreksi": 195000000,
    "nilai_negosiasi": 195000000,
    "nilai_kontrak": null,
    "anggaran": "APBN",
    "kualifikasi_paket": "Perusahaan Non Kecil",
    "kategori_pengadaan": "Jasa Lainnya",
    "metode_pengadaan": "Pengadaan Langsung",
    "tanggal_buat_paket": "2020-09-24",
    "tanggal_pengumuman_nontender": "2020-09-24 19:00:00",
    "tanggal_selesai_nontender": "2020-09-29 23:59:00",
    "kd_penyedia": 27280119,
    "nama_penyedia": "PT HIBA PRIMA SEJAHTERA",
    "npwp_penyedia": "02.331.599.7-405.000",
    "kode_mak": "01.3927.994.001.002.0F.522141"
  },
  {
    "tahun_anggaran": 2020,
    "kd_klpd": "L36",
    "nama_klpd": "Lembaga Kebijakan Pengadaan Barang/Jasa Pemerintah",
    "jenis_klpd": "LEMBAGA",
    "kd_satker": "970968",
    "nama_satker": "LEMBAGA KEBIJAKAN PENGADAAN BARANGJASA PEMERINTAH",
    "kd_lpse": 119,
    "nama_lpse": "LPSE Lembaga Kebijakan Pengadaan Barang/Jasa Pemerintah",
    "kd_nontender": 6879119,
    "kd_rup_paket": "26048607",
    "nama_paket": "Konsultan Pengamanan Dokumen Tahap II",
    "pagu": 130000000,
    "hps": 32340000,
    "nilai_penawaran": 32340000,
    "nilai_terkoreksi": null,
    "nilai_negosiasi": 32340000,
    "nilai_kontrak": null,
    "anggaran": "APBN",
    "kualifikasi_paket": null,
    "kategori_pengadaan": "Jasa Konsultansi Badan Usaha Non Konstruksi",
    "metode_pengadaan": "Pengadaan Langsung",
    "tanggal_buat_paket": "2020-09-25",
    "tanggal_pengumuman_nontender": "2020-09-28 15:00:00",
    "tanggal_selesai_nontender": "2020-10-06 12:00:00",
    "kd_penyedia": 21650119,
    "nama_penyedia": "Agus Cardana",
    "npwp_penyedia": "83.152.961.5-421.000",
    "kode_mak": "06.3932.006.001.051.0A.536111"
  },
  {
    "tahun_anggaran": 2020,
    "kd_klpd": "L36",
    "nama_klpd": "Lembaga Kebijakan Pengadaan Barang/Jasa Pemerintah",
    "jenis_klpd": "LEMBAGA",
    "kd_satker": "970968",
    "nama_satker": "LEMBAGA KEBIJAKAN PENGADAAN BARANGJASA PEMERINTAH",
    "kd_lpse": 119,
    "nama_lpse": "LPSE Lembaga Kebijakan Pengadaan Barang/Jasa Pemerintah",
    "kd_nontender": 6880119,
    "kd_rup_paket": "26218472",
    "nama_paket": "Network Engineer SPSE Terpusat",
    "pagu": 100000000,
    "hps": 84000000,
    "nilai_penawaran": 81000000,
    "nilai_terkoreksi": null,
    "nilai_negosiasi": 78000000,
    "nilai_kontrak": null,
    "anggaran": "APBN",
    "kualifikasi_paket": null,
    "kategori_pengadaan": "Jasa Konsultansi Perorangan",
    "metode_pengadaan": "Pengadaan Langsung",
    "tanggal_buat_paket": "2020-09-25",
    "tanggal_pengumuman_nontender": "2020-09-28 13:00:00",
    "tanggal_selesai_nontender": "2020-10-07 15:00:00",
    "kd_penyedia": 22554119,
    "nama_penyedia": "Sugianto",
    "npwp_penyedia": "07.288.406.7-008.000",
    "kode_mak": "06.3932.011.001.052.0A.522131"
  },
  {
    "tahun_anggaran": 2020,
    "kd_klpd": "L36",
    "nama_klpd": "Lembaga Kebijakan Pengadaan Barang/Jasa Pemerintah",
    "jenis_klpd": "LEMBAGA",
    "kd_satker": "970968",
    "nama_satker": "LEMBAGA KEBIJAKAN PENGADAAN BARANGJASA PEMERINTAH",
    "kd_lpse": 119,
    "nama_lpse": "LPSE Lembaga Kebijakan Pengadaan Barang/Jasa Pemerintah",
    "kd_nontender": 6896119,
    "kd_rup_paket": "26164873",
    "nama_paket": "Pemeliharaan Kapasitor Bank",
    "pagu": 888250000,
    "hps": 195800000,
    "nilai_penawaran": 195140000,
    "nilai_terkoreksi": 195140000,
    "nilai_negosiasi": 158400000,
    "nilai_kontrak": null,
    "anggaran": "APBN",
    "kualifikasi_paket": "Perusahaan Kecil",
    "kategori_pengadaan": "Jasa Lainnya",
    "metode_pengadaan": "Pengadaan Langsung",
    "tanggal_buat_paket": "2020-10-14",
    "tanggal_pengumuman_nontender": "2020-10-14 18:30:00",
    "tanggal_selesai_nontender": "2020-10-20 23:59:00",
    "kd_penyedia": 10120127,
    "nama_penyedia": "PT.ABDHIKA KREASI MANDIRI",
    "npwp_penyedia": "21.104.222.1-061.000",
    "kode_mak": "01.3927.994.001.002.0A.523111"
  },
  {
    "tahun_anggaran": 2020,
    "kd_klpd": "L36",
    "nama_klpd": "Lembaga Kebijakan Pengadaan Barang/Jasa Pemerintah",
    "jenis_klpd": "LEMBAGA",
    "kd_satker": "970968",
    "nama_satker": "LEMBAGA KEBIJAKAN PENGADAAN BARANGJASA PEMERINTAH",
    "kd_lpse": 119,
    "nama_lpse": "LPSE Lembaga Kebijakan Pengadaan Barang/Jasa Pemerintah",
    "kd_nontender": 6924119,
    "kd_rup_paket": "26006526",
    "nama_paket": "Jasa Konsultan Badan Usaha Pemetaan Proses Bisnis LKPP Level 0-1 yang Harmonis Dengan Rencana Restrukturisasi Organisasi",
    "pagu": 100000000,
    "hps": 100000000,
    "nilai_penawaran": 99000000,
    "nilai_terkoreksi": null,
    "nilai_negosiasi": 99000000,
    "nilai_kontrak": null,
    "anggaran": "APBN",
    "kualifikasi_paket": null,
    "kategori_pengadaan": "Jasa Konsultansi Badan Usaha Non Konstruksi",
    "metode_pengadaan": "Pengadaan Langsung",
    "tanggal_buat_paket": "2020-10-20",
    "tanggal_pengumuman_nontender": "2020-10-27 18:00:00",
    "tanggal_selesai_nontender": "2020-11-02 23:59:00",
    "kd_penyedia": 99366,
    "nama_penyedia": "Trans Manajemen",
    "npwp_penyedia": "80.794.127.3-018.000",
    "kode_mak": "01.3926.961.001.051.0A.522131"
  },
  {
    "tahun_anggaran": 2020,
    "kd_klpd": "L36",
    "nama_klpd": "Lembaga Kebijakan Pengadaan Barang/Jasa Pemerintah",
    "jenis_klpd": "LEMBAGA",
    "kd_satker": "970968",
    "nama_satker": "LEMBAGA KEBIJAKAN PENGADAAN BARANGJASA PEMERINTAH",
    "kd_lpse": 119,
    "nama_lpse": "LPSE Lembaga Kebijakan Pengadaan Barang/Jasa Pemerintah",
    "kd_nontender": 6958119,
    "kd_rup_paket": "26494916",
    "nama_paket": "Sewa Lisensi Perangkat Network (Perangkat Cyberoam)",
    "pagu": 400000000,
    "hps": 154000000,
    "nilai_penawaran": 153890000,
    "nilai_terkoreksi": null,
    "nilai_negosiasi": 153000000,
    "nilai_kontrak": null,
    "anggaran": "APBN",
    "kualifikasi_paket": "Perusahaan Non Kecil",
    "kategori_pengadaan": "Pengadaan Barang",
    "metode_pengadaan": "Pengadaan Langsung",
    "tanggal_buat_paket": "2020-10-27",
    "tanggal_pengumuman_nontender": "2020-11-03 08:00:00",
    "tanggal_selesai_nontender": "2020-11-05 17:00:00",
    "kd_penyedia": 2375119,
    "nama_penyedia": "PT. Tri Kreasi Mandiri Teknologi",
    "npwp_penyedia": "03.257.363.6-005.000",
    "kode_mak": "06.3932.011.001.051.OA.522141"
  },
  {
    "tahun_anggaran": 2020,
    "kd_klpd": "L36",
    "nama_klpd": "Lembaga Kebijakan Pengadaan Barang/Jasa Pemerintah",
    "jenis_klpd": "LEMBAGA",
    "kd_satker": "970968",
    "nama_satker": "LEMBAGA KEBIJAKAN PENGADAAN BARANGJASA PEMERINTAH",
    "kd_lpse": 119,
    "nama_lpse": "LPSE Lembaga Kebijakan Pengadaan Barang/Jasa Pemerintah",
    "kd_nontender": 6959119,
    "kd_rup_paket": "26494916",
    "nama_paket": "Sewa Lisensi Perangkat Network (Perangkat Mail Gateway)",
    "pagu": 400000000,
    "hps": 199100000,
    "nilai_penawaran": 199100000,
    "nilai_terkoreksi": null,
    "nilai_negosiasi": 198000000,
    "nilai_kontrak": null,
    "anggaran": "APBN",
    "kualifikasi_paket": "Perusahaan Kecil",
    "kategori_pengadaan": "Pengadaan Barang",
    "metode_pengadaan": "Pengadaan Langsung",
    "tanggal_buat_paket": "2020-10-27",
    "tanggal_pengumuman_nontender": "2020-11-17 08:00:00",
    "tanggal_selesai_nontender": "2020-11-23 17:00:00",
    "kd_penyedia": 5245047,
    "nama_penyedia": "PT. Equine Global",
    "npwp_penyedia": "02.930.327.8-022.000",
    "kode_mak": "06.3932.011.001.051.OA.522141"
  },
  {
    "tahun_anggaran": 2020,
    "kd_klpd": "L36",
    "nama_klpd": "Lembaga Kebijakan Pengadaan Barang/Jasa Pemerintah",
    "jenis_klpd": "LEMBAGA",
    "kd_satker": "970968",
    "nama_satker": "LEMBAGA KEBIJAKAN PENGADAAN BARANGJASA PEMERINTAH",
    "kd_lpse": 119,
    "nama_lpse": "LPSE Lembaga Kebijakan Pengadaan Barang/Jasa Pemerintah",
    "kd_nontender": 6964119,
    "kd_rup_paket": "26542571",
    "nama_paket": "Pengadaan Perangkat Elektrikal",
    "pagu": 50135000,
    "hps": 48994000,
    "nilai_penawaran": 48000000,
    "nilai_terkoreksi": null,
    "nilai_negosiasi": 47000000,
    "nilai_kontrak": null,
    "anggaran": "APBN",
    "kualifikasi_paket": "Perusahaan Kecil",
    "kategori_pengadaan": "Pengadaan Barang",
    "metode_pengadaan": "Pengadaan Langsung",
    "tanggal_buat_paket": "2020-11-04",
    "tanggal_pengumuman_nontender": "2020-11-12 08:00:00",
    "tanggal_selesai_nontender": "2020-11-23 17:00:00",
    "kd_penyedia": 32614011,
    "nama_penyedia": "PT SPIDER USAHA MANDIRI",
    "npwp_penyedia": "72.809.075.4-063.000",
    "kode_mak": "06.3932.011.001.052.OA.532111"
  },
  {
    "tahun_anggaran": 2020,
    "kd_klpd": "L36",
    "nama_klpd": "Lembaga Kebijakan Pengadaan Barang/Jasa Pemerintah",
    "jenis_klpd": "LEMBAGA",
    "kd_satker": "970968",
    "nama_satker": "LEMBAGA KEBIJAKAN PENGADAAN BARANGJASA PEMERINTAH",
    "kd_lpse": 119,
    "nama_lpse": "LPSE Lembaga Kebijakan Pengadaan Barang/Jasa Pemerintah",
    "kd_nontender": 6965119,
    "kd_rup_paket": "26542526",
    "nama_paket": "Analis Bisnis Proses SPSE",
    "pagu": 84000000,
    "hps": 60000000,
    "nilai_penawaran": 60000000,
    "nilai_terkoreksi": null,
    "nilai_negosiasi": 45000000,
    "nilai_kontrak": null,
    "anggaran": "APBN",
    "kualifikasi_paket": null,
    "kategori_pengadaan": "Jasa Konsultansi Perorangan",
    "metode_pengadaan": "Pengadaan Langsung",
    "tanggal_buat_paket": "2020-11-04",
    "tanggal_pengumuman_nontender": "2020-11-10 08:00:00",
    "tanggal_selesai_nontender": "2020-11-18 17:00:00",
    "kd_penyedia": 29442119,
    "nama_penyedia": "DWI TEGUH ARGO WIBOWO DODDY",
    "npwp_penyedia": "25.548.562.5-412.000",
    "kode_mak": "06.3932.011.001.052.0A.522131"
  }
]